Vendor Part Number,Manufacturer,Manufacturer Part Number,Product Description,MSRP,ITES-4H Price,Discount,
BD10001,Samsung Electronics Co.,UN75U8000FFXZA,"75inch/LED/Series8/4K (3840x2160) UN75U8000FFXZA - Series8/75inch/LED/4K (3840x2160) - 60 Hz refresh rate - PurColor - Wi-Fi 5, BT5.3 - ATSC/ClearQAM - 3x HDMI, 1x USB-A, 1x Ethernet (LAN), RF In (Terrestrial / Cable input / Satellite input): 1/1(Common Use for Terrestrial)/0 - Black TAA Compliant",660.33,589.58,0.12,
BD10002,"Apricorn, Inc.",A25-3PL256-1000F,"FIPS VALIDATED, 1TB USB 3.0 Aegis Fortress - FIPS validated, 1TB USB 3.0 hardware encrypted portable drive - One gigabyte (GB) = one billion bytes; accessible capacity will be less and actual capacity depends on the operating environment and formatting.",231.24,206.46,0.12,
BD10003,CISCO,C8300-2N2S-4T2X,Cisco Catalyst C8300-2N2S-4T2X Router,11780.92,10518.68,0.12,
BD10004,CISCO,DNA-P-T3-A-5Y,"Cisco DNA Advantage On-Prem Lic 5Y - upto 10G (Aggr, 20G)",43694.15,39012.63,0.12,
BD10005,"PEERLESS INDUSTRIES, INC",ST660,SmartMount Univ Tilt Mount Blk 39-80in The SmartMount Universal Tilt Wall Mount series offers the most versatile installation features and mounting options. Horizontal and vertical adjustment abilities allow for post installation leveling and side-to-side positioning.,113.53,101.37,0.12,
BD10006,Tripp Lite by Eaton,SU6000XFMR2UTAA,"Eaton Tripp Lite Series SmartOnline Step-Down Isolation Transformer, 208/240V to 120V, 6kVA, 6kW, 2U Rack-Mount, TAA - 2-year limited warranty","$1,690.52 ","$1,509.39 ",0.12,
BD10007,CISCO,CS-DESKPRO-K9++,"Cisco Desk Pro, TAA","$8,455.82 ","$7,549.84 ",0.12,
BD10008,AXIOM,AXG99596,AXIOM 3FT CAT6 CABLE (BLUE) - TAA AXIOM 3FT CAT6 UTP 550mhz Patch Cable Clear Snagless Boot (Blue) - TAA Compliant,$6.32 ,$5.64 ,0.12,
BD10009,AXIOM,AXG99599,AXIOM 5FT CAT6 CABLE (BLUE) - TAA AXIOM 5FT CAT6 UTP 550mhz Patch Cable Clear Snagless Boot (Blue) - TAA Compliant,$7.13 ,$6.37 ,0.12,
BD10010,AXIOM,AXG99587,AXIOM 10FT CAT6 CABLE (BLUE) - TAA AXIOM 10FT CAT6 UTP 550mhz Patch Cable Clear Snagless Boot (Blue) - TAA Compliant,$10.05 ,$8.97 ,0.12,
BD10011,CISCO,GLC-LH-SMD++=,"1000BASE-LX/LH SFP transceiver module, MMF/SMF, 1310nm, DOM",$832.16 ,$743.00 ,0.12,
BD10012,HP Inc.,8M3V5AA#ABA,Poly Blackwire 3325 Microsoft Teams Certified Headset +USB-C/A Adapter TAA US,$61.60 ,$55.00 ,0.12,
BD10013,Targus,DOCK182USZ,USB-C Universal DV4K Docking Station w/ USB-C Universal DV4K Docking Station with 100W Power Delivery - Limited 3-Year Warranty,$250.45 ,$223.62 ,0.12,
BD10014,Samsung Electronics Co.,BE55FX-H,"BE55FX-H - LED TV - 4K Ultra HD - E-LED BLU - Flat - 2160P - 55Inch - 3840 x 2160 - 300 nits - sRGB 98% - Speakers - Bluetooth,LAN,Wi-Fi - HDMI, USB, Ethernet (LAN) - High Dynamic Range increases the ratio between light and dark",$507.38 ,$453.02 ,0.12,
BD10015,VERTIV,SCMV2160DPH-400,"CYBEX SECURE DESKTOP KVM SWITCHES CYBEX SC Universal DP/H Secure 16-Port MultiViewer KVM, PP4.0","$13,868.06 ","$12,382.20 ",0.12,
BD10016,Samsung Electronics Co.,UN70U8000FFXZA,"UN70U8000FFXZA - Series8/70inch/LED/4K (3840x2160) - 60 Hz refresh rate - PurColor - Wi-Fi 5, BT5.3 - ATSC/ClearQAM - 3x HDMI, 1x USB-A, 1x Ethernet (LAN), RF In (Terrestrial / Cable input / Satellite input): 1/1(Common Use for Terrestrial)/0 - Black",$605.30 ,$540.45 ,0.12,
BD10017,Samsung Electronics Co.,QN65Q7FAAFXZA,"QN65Q7FAAFXZA - Series7/65inch/QLED/4K (3840x2160) - 60 Hz refresh rate - 100% Color Volume - Wi-Fi 5, BT5.2 - ATSC/ClearQAM - 3x HDMI, 1x USB-A, 1x Ethernet (LAN), RF In (Terrestrial / Cable input / Satellite input): 1/1(Common Use for Terrestrial)/0 - Black",$540.28 ,$482.39 ,0.12,
BD10018,Samsung Electronics Co.,QN65Q8FAAFXZA,"QN65Q8FAAFXZA - Series8/65inch/QLED/4K (3840x2160) - 120Hz(Up to 144Hz) refresh rate - 100% Color Volume - Wide Viewing Angle - Wi-Fi 5, BT5.3 - ATSC/Clear QAM - 4x HDMI, 2x USB-A, 1x Ethernet (LAN), RF In (Terrestrial / Cable input / Satellite input): 1/1(Common Use for Terrestrial)/0, 1x Digital Audio Out (Optical) - Black",$856.68 ,$764.89 ,0.12,
BD10019,CISCO,C9300-24P-A,"Catalyst 9300 24-port PoE+, Network Advantage","$3,706.72 ","$3,309.57 ",0.12,
BD10020,CISCO,CON-SNBD-C93002PA,SHIP NEXT BUS DAYCatalyst 9300 24port PoE Network Adva,"$1,465.90 ","$1,308.84 ",0.12,
